Quatz,semper porta volutpat quam pede lobortis ligula sit amet eleifend pede libero quis orci nullam molestie nibh
Ntag,pellentesque ultrices mattis odio donec vitae nisi nam ultrices libero
Edgeify,congue elementum in hac habitasse platea dictumst morbi vestibulum velit id pretium iaculis diam erat fermentum
Voolith,ut odio cras mi pede malesuada in imperdiet et commodo vulputate justo in blandit
Kaymbo,pede morbi porttitor lorem id ligula suspendisse ornare consequat lectus in est risus auctor sed tristique
Quinu,in tempus sit amet sem fusce consequat nulla nisl nunc nisl duis bibendum felis sed interdum venenatis turpis
Dablist,amet sem fusce consequat nulla nisl nunc nisl duis bibendum felis sed
Kwinu,ridiculus mus vivamus vestibulum sagittis sapien cum sociis natoque penatibus et magnis dis parturient
Twimm,est quam pharetra magna ac consequat metus sapien ut nunc vestibulum ante ipsum primis in faucibus
Centidel,sed tristique in tempus sit amet sem fusce consequat nulla nisl nunc nisl duis bibendum felis sed interdum venenatis
Pixoboo,sapien iaculis congue vivamus metus arcu adipiscing molestie hendrerit at vulputate vitae nisl aenean lectus pellentesque
Yoveo,nibh in lectus pellentesque at nulla suspendisse potenti cras in purus
Realfire,interdum venenatis turpis enim blandit mi in porttitor pede justo
Twitterbridge,mi integer ac neque duis bibendum morbi non quam nec
Eare,bibendum felis sed interdum venenatis turpis enim blandit mi in porttitor pede justo eu massa donec dapibus duis
Shufflester,mauris eget massa tempor convallis nulla neque libero convallis eget eleifend luctus ultricies eu
Skilith,sed justo pellentesque viverra pede ac diam cras pellentesque volutpat dui maecenas tristique est et tempus
Livefish,tempus vel pede morbi porttitor lorem id ligula suspendisse ornare consequat lectus
Vipe,tempus semper est quam pharetra magna ac consequat metus sapien ut nunc vestibulum ante ipsum
Youspan,ultrices mattis odio donec vitae nisi nam ultrices libero non mattis pulvinar
Thoughtworks,erat tortor sollicitudin mi sit amet lobortis sapien sapien non
Thoughtmix,vestibulum ante ipsum primis in faucibus orci luctus et ultrices posuere
Flashpoint,luctus tincidunt nulla mollis molestie lorem quisque ut erat curabitur gravida nisi at nibh in hac habitasse
Zooxo,duis aliquam convallis nunc proin at turpis a pede posuere nonummy
Zoomdog,nunc purus phasellus in felis donec semper sapien a libero
Pixoboo,pede justo lacinia eget tincidunt eget tempus vel pede morbi porttitor lorem id ligula suspendisse ornare
Tagopia,metus sapien ut nunc vestibulum ante ipsum primis in faucibus orci
Flipopia,orci vehicula condimentum curabitur in libero ut massa volutpat convallis morbi odio
Innojam,volutpat in congue etiam justo etiam pretium iaculis justo in hac habitasse platea dictumst etiam faucibus cursus
Bubbletube,lectus pellentesque eget nunc donec quis orci eget orci vehicula condimentum curabitur in libero
Mybuzz,quam turpis adipiscing lorem vitae mattis nibh ligula nec sem duis aliquam convallis nunc proin at turpis
Twiyo,suspendisse potenti nullam porttitor lacus at turpis donec posuere metus vitae
Jaloo,ante ipsum primis in faucibus orci luctus et ultrices posuere
Trilith,risus dapibus augue vel accumsan tellus nisi eu orci mauris lacinia
Fadeo,non ligula pellentesque ultrices phasellus id sapien in sapien iaculis congue vivamus metus arcu adipiscing
Topicblab,ultrices posuere cubilia curae donec pharetra magna vestibulum aliquet ultrices erat tortor sollicitudin mi
Zazio,magna at nunc commodo placerat praesent blandit nam nulla integer pede justo lacinia eget tincidunt eget tempus vel
Ainyx,in quis justo maecenas rhoncus aliquam lacus morbi quis tortor id nulla ultrices aliquet maecenas leo odio condimentum
Camimbo,posuere cubilia curae donec pharetra magna vestibulum aliquet ultrices erat tortor sollicitudin mi sit amet lobortis sapien sapien
Jaxspan,feugiat non pretium quis lectus suspendisse potenti in eleifend quam a odio in hac habitasse platea dictumst maecenas ut
Yozio,elementum pellentesque quisque porta volutpat erat quisque erat eros viverra
Realbridge,erat vestibulum sed magna at nunc commodo placerat praesent blandit nam nulla integer pede justo lacinia eget
Flashdog,ac lobortis vel dapibus at diam nam tristique tortor eu pede
Jabbercube,iaculis diam erat fermentum justo nec condimentum neque sapien placerat ante nulla justo
Twitterlist,massa tempor convallis nulla neque libero convallis eget eleifend luctus ultricies eu
Blogtag,vulputate justo in blandit ultrices enim lorem ipsum dolor sit amet consectetuer adipiscing elit proin interdum
Dynabox,primis in faucibus orci luctus et ultrices posuere cubilia curae mauris viverra diam vitae quam
Youspan,turpis adipiscing lorem vitae mattis nibh ligula nec sem duis aliquam convallis
Edgetag,pellentesque viverra pede ac diam cras pellentesque volutpat dui maecenas tristique est et tempus semper est
Tanoodle,eu nibh quisque id justo sit amet sapien dignissim vestibulum vestibulum ante ipsum primis in faucibus orci
Vidoo,integer tincidunt ante vel ipsum praesent blandit lacinia erat vestibulum sed magna at
Janyx,justo pellentesque viverra pede ac diam cras pellentesque volutpat dui maecenas tristique est et tempus semper est quam
Zoomcast,neque vestibulum eget vulputate ut ultrices vel augue vestibulum ante ipsum primis in faucibus orci
Voomm,habitasse platea dictumst etiam faucibus cursus urna ut tellus nulla ut erat id
Meeveo,massa volutpat convallis morbi odio odio elementum eu interdum eu tincidunt in leo maecenas pulvinar lobortis est phasellus sit amet
Latz,morbi quis tortor id nulla ultrices aliquet maecenas leo odio condimentum id luctus nec molestie sed
Gevee,libero ut massa volutpat convallis morbi odio odio elementum eu interdum eu
Riffwire,velit id pretium iaculis diam erat fermentum justo nec condimentum neque sapien placerat ante
Tagopia,id nisl venenatis lacinia aenean sit amet justo morbi ut odio cras mi
Topiclounge,duis ac nibh fusce lacus purus aliquet at feugiat non pretium quis lectus suspendisse
Photobug,vestibulum vestibulum ante ipsum primis in faucibus orci luctus et ultrices posuere cubilia
Yodel,quis lectus suspendisse potenti in eleifend quam a odio in hac habitasse platea dictumst maecenas ut massa quis augue
Twitterbridge,aliquam lacus morbi quis tortor id nulla ultrices aliquet maecenas leo odio condimentum id luctus nec molestie sed justo
Voonder,nunc vestibulum ante ipsum primis in faucibus orci luctus et ultrices posuere cubilia curae mauris viverra diam
Oyoba,non mauris morbi non lectus aliquam sit amet diam in magna bibendum imperdiet nullam orci pede venenatis non sodales
Roodel,varius integer ac leo pellentesque ultrices mattis odio donec vitae nisi nam ultrices libero non mattis pulvinar nulla
Roomm,sem praesent id massa id nisl venenatis lacinia aenean sit amet justo morbi ut odio cras mi
Flipbug,in quis justo maecenas rhoncus aliquam lacus morbi quis tortor id nulla ultrices
Mynte,sit amet sapien dignissim vestibulum vestibulum ante ipsum primis in faucibus orci luctus et ultrices posuere
Oloo,risus auctor sed tristique in tempus sit amet sem fusce consequat nulla nisl nunc nisl duis bibendum felis
Linkbridge,ipsum integer a nibh in quis justo maecenas rhoncus aliquam lacus morbi quis tortor id
Voomm,id ornare imperdiet sapien urna pretium nisl ut volutpat sapien arcu sed augue aliquam erat volutpat
Voonte,ipsum aliquam non mauris morbi non lectus aliquam sit amet diam in magna bibendum imperdiet nullam orci
Aimbo,magna at nunc commodo placerat praesent blandit nam nulla integer
Jaxworks,morbi non lectus aliquam sit amet diam in magna bibendum imperdiet
Photolist,pede ullamcorper augue a suscipit nulla elit ac nulla sed vel enim sit amet
Feedbug,tincidunt eu felis fusce posuere felis sed lacus morbi sem mauris laoreet ut rhoncus aliquet
Lazz,nascetur ridiculus mus etiam vel augue vestibulum rutrum rutrum neque aenean auctor gravida sem praesent id massa id
Voolith,mauris sit amet eros suspendisse accumsan tortor quis turpis sed ante
Rhyloo,nulla sed vel enim sit amet nunc viverra dapibus nulla suscipit ligula in lacus curabitur at ipsum ac tellus
Mynte,malesuada in imperdiet et commodo vulputate justo in blandit ultrices enim lorem ipsum dolor sit amet consectetuer adipiscing elit proin
Eazzy,mus vivamus vestibulum sagittis sapien cum sociis natoque penatibus et
Youspan,lorem quisque ut erat curabitur gravida nisi at nibh in
Edgeblab,mi integer ac neque duis bibendum morbi non quam nec dui luctus rutrum
Linktype,nec molestie sed justo pellentesque viverra pede ac diam cras pellentesque volutpat dui maecenas tristique est et tempus
Fivespan,tincidunt eu felis fusce posuere felis sed lacus morbi sem mauris laoreet ut rhoncus aliquet pulvinar sed nisl
Feedspan,ac tellus semper interdum mauris ullamcorper purus sit amet nulla quisque arcu
Skiptube,eu magna vulputate luctus cum sociis natoque penatibus et magnis dis parturient montes nascetur ridiculus mus vivamus vestibulum
Quaxo,nisl duis bibendum felis sed interdum venenatis turpis enim blandit mi in porttitor pede justo eu massa
Eadel,mi in porttitor pede justo eu massa donec dapibus duis at velit eu est congue elementum in hac habitasse platea
Aimbu,porttitor lacus at turpis donec posuere metus vitae ipsum aliquam non mauris morbi non lectus aliquam sit
Oozz,natoque penatibus et magnis dis parturient montes nascetur ridiculus mus vivamus vestibulum sagittis sapien cum sociis natoque penatibus et magnis
Wikivu,eget congue eget semper rutrum nulla nunc purus phasellus in felis donec
Edgetag,amet cursus id turpis integer aliquet massa id lobortis convallis tortor risus
Voonte,quis orci eget orci vehicula condimentum curabitur in libero ut massa volutpat
Buzzster,nam dui proin leo odio porttitor id consequat in consequat ut nulla sed accumsan felis ut
Kwinu,venenatis non sodales sed tincidunt eu felis fusce posuere felis
Jayo,amet cursus id turpis integer aliquet massa id lobortis convallis tortor risus dapibus augue vel accumsan
Skyndu,nulla dapibus dolor vel est donec odio justo sollicitudin ut suscipit a
Oyoloo,fermentum justo nec condimentum neque sapien placerat ante nulla justo aliquam quis turpis eget elit sodales scelerisque
