slittle0,nIOV191Gf,Teacher
pgibson1,7Xmu7vrn8dz,Structural Analysis Engineer
awheeler2,78oLNMjPzM,Software Test Engineer III
ralexander3,m03YOElB,Engineer III
vrobinson4,CfIW3vRzwop,Research Assistant II
nphillips5,ERrq4m,Product Engineer
bcrawford6,1ZMgAvAsorO,Community Outreach Specialist
smendoza7,A22Ufk69,Help Desk Operator
priley8,eElNFdeX,Geologist III
alane9,vUEWjRsT2,Financial Advisor
rolivera,4IQqBxx2CQ9,Research Nurse
rwoodb,367JG8zF,Developer II
fjacksonc,9DIjuVCZH,Chemical Engineer
kandrewsd,4ZfLLE,Dental Hygienist
cmatthewse,PLyIyCb7JU,Data Coordiator
nfloresf,wCexWi,Librarian
lfloresg,hvD5Q4JFKb,Account Representative IV
jmillerh,Q17qoyO,Senior Sales Associate
mrobinsoni,IeVhQJm8,Internal Auditor
cburnsj,00Tc40u,Internal Auditor
gwheelerk,ifTydHE9MmSS,Geologist III
adanielsl,1h2eeepa,VP Quality Control
emitchellm,avjOtcP,Senior Editor
psandersn,4AJnXbbs,Nurse Practicioner
bperryo,3o531e,Senior Editor
dgordonp,v0xylH9,Sales Representative
jbradleyq,MFr394eykLu,VP Product Management
mbellr,Ef9TJYwgTq8,Paralegal
jelliss,dyHXbyEeI2,Assistant Media Planner
sscottt,3KjGfu70Uox6,Statistician III
jcunninghamu,8xKqzfi,Account Executive
cpalmerv,AaRNI9J,Occupational Therapist
jfreemanw,vn21JdIx,Human Resources Manager
jporterx,uQC57gm,Statistician IV
sfowlery,3yhwBt,Chemical Engineer
jfrazierz,wqQXPw8jY,Accounting Assistant II
aandrews10,KL586kijHW,Analog Circuit Design manager
lhill11,VY0XX7v4QK,Office Assistant IV
mlong12,eV4SWSq9KGAh,Associate Professor
mgreen13,cZZGi55Gj,Structural Analysis Engineer
dgomez14,ZtwqyLyEYjf,Mechanical Systems Engineer
jbishop15,bldmln,Statistician III
wreyes16,jLd4XY,Office Assistant I
bgomez17,VnvWyw3qy,Product Engineer
phudson18,Qrt8tHZxk9,Actuary
tbrooks19,9mRaJJL0WNoG,Health Coach III
sgreene1a,q31bgw,Systems Administrator I
cthomas1b,2PDfw6,Sales Representative
arice1c,0R3hwS,Budget/Accounting Analyst I
gfoster1d,zwmouOAGGir,Financial Advisor
mkennedy1e,HcTvwoZyWKQ,Accounting Assistant I
pfields1f,k2WB3xhx,Nurse Practicioner
thoward1g,d8yVvuh7,Environmental Specialist
jlynch1h,KthigcsT,Software Engineer II
bperry1i,NVzc95w,Research Associate
bwest1j,QhSR2zRoKF,Structural Engineer
dday1k,emOhTzEAW91,Web Developer III
vnguyen1l,su5YDq,Administrative Assistant I
speterson1m,r3ac8cuGCYc,Programmer IV
ecarroll1n,lZRC59lWkoSh,Web Developer I
jmyers1o,mus2cN4iDpY,Human Resources Manager
jking1p,d8yrSu1p,Office Assistant I
lrobinson1q,Hiwu7vXvZcP,Quality Engineer
rrogers1r,Jn84vpr,Nurse
abarnes1s,TzPusDVDVzjm,Speech Pathologist
awhite1t,ExApFO,Recruiting Manager
cbanks1u,n7qvXa,Senior Cost Accountant
ebaker1v,skQ2991s,Sales Representative
rsanders1w,69NQlzHHLI2,Design Engineer
rchavez1x,EH4o7RcbKpJ7,Recruiter
swebb1y,EgIOrrkDOUHU,Computer Systems Analyst III
dgarcia1z,XViSzq,Chief Design Engineer
abradley20,eOSqXc8,Compensation Analyst
tstewart21,nKhKjDuD8,Information Systems Manager
palvarez22,cbgW9ki,Analyst Programmer
kcarr23,BNRYTsuMBs,Nuclear Power Engineer
dhart24,AacE01xJ2rM,Executive Secretary
cfields25,crZUThaXzc,Senior Editor
cwood26,NqvGHkb1AEvN,Environmental Specialist
dadams27,aArh2gZy,Pharmacist
jhall28,yxFI3DMD3q,Director of Sales
agarcia29,etFAJU6HcNq,Technical Writer
rrobertson2a,WvmAM5aYPB,Editor
lelliott2b,GPwq3C,Systems Administrator III
kwilliams2c,f9cUIkG0aE,Sales Associate
nschmidt2d,f2UWQLJQ6z,Librarian
fgilbert2e,voDajCe7Be65,Mechanical Systems Engineer
gwilliams2f,OfXNzL,Operator
groberts2g,qiKuy5mz,Geological Engineer
jferguson2h,hZStF3C,Junior Executive
kcrawford2i,6SdGgIs,Assistant Media Planner
psnyder2j,oiBhu9oT,Office Assistant II
hbrown2k,mWoEmiOsKtXU,Budget/Accounting Analyst II
hlane2l,PbsIqCYtqXNO,Data Coordiator
afrazier2m,LiVw8bja,Design Engineer
sgilbert2n,kaiRdEdJfmZR,Financial Advisor
aburton2o,nXtQLRu0X3,Media Manager II
cpayne2p,zbqDS7pGy4,Human Resources Manager
jarnold2q,5q8UhE3M,Marketing Assistant
kcruz2r,PIHh7lz,Executive Secretary
gbrooks2s,1LJ8HTUv,Health Coach III
tgarrett2t,VLUGXUqdzPP,Health Coach I
criley2u,Rz36v1u,Librarian
jdunn2v,yX2mFupu8q1d,Senior Sales Associate
jcox2w,D5FgahTFHD,Chemical Engineer
mgraham2x,CVPm3ROGupP,Sales Associate
ltorres2y,izU6x4V,Operator
tgibson2z,3uJXdUeT4Ed,Automation Specialist IV
jcarpenter30,axNhmLLRlw,VP Accounting
nmason31,CW0m0mHY,VP Accounting
dking32,YIBNuUpJqHKL,Executive Secretary
mphillips33,LMZuAI7NpD,Editor
tmills34,vyX9TEMJ6ay,Computer Systems Analyst II
ptucker35,drE2eFthx0,Media Manager III
rward36,Ucsyb0rU3kl,Engineer IV
rhoward37,OpwrB8J,Food Chemist
arivera38,4a1naTEmf,VP Marketing
gmorris39,verGNZI0Gm,Assistant Professor
jcastillo3a,YVzGtpfKzvUp,Payment Adjustment Coordinator
cdiaz3b,73xoN3dMCs,Data Coordiator
jschmidt3c,Vw8zu7rr,Research Nurse
bcarpenter3d,Kr8cuf,Financial Advisor
agreene3e,9nvmiV3az,Senior Developer
sbell3f,fjz8teRLoI7,Chemical Engineer
eday3g,WaODqE9,Account Representative IV
rbrooks3h,C0N97HKjx,Accounting Assistant IV
mwarren3i,yzxmkE,Tax Accountant
bcook3j,zzUrnHHo,Web Designer I
mwillis3k,1vMwz7Fu,Physical Therapy Assistant
pburton3l,nL8ojR2RE,Professor
jpalmer3m,3SqFHLP5,Cost Accountant
nwhite3n,r4SarYRRWY,Human Resources Assistant III
kandrews3o,tvs8kcUY,Financial Advisor
jarmstrong3p,QEahywXKjDf,Pharmacist
tadams3q,ZENU3c,Mechanical Systems Engineer
wellis3r,iqal6BT,Account Representative III
jreyes3s,0M8Tif84HA,Administrative Officer
kwarren3t,5L7eBh,Help Desk Operator
sbanks3u,ZEuFpVdZYu3W,Senior Financial Analyst
cwhite3v,is7qxV1p,Payment Adjustment Coordinator
kgarcia3w,34sympvf9B,Speech Pathologist
shansen3x,l4f8ND,Accounting Assistant IV
jrose3y,iRKXr9FFhL,Software Test Engineer I
bray3z,SbfOpHYwcCfz,Accountant II
larnold40,Y2w5VPaT,Chief Design Engineer
mtucker41,xtCtg47cnbY,Clinical Specialist
clawrence42,09dArrU,Administrative Officer
icunningham43,RHvobGw,Biostatistician II
cwelch44,Du3lxegYP2A,Chief Design Engineer
mreid45,noCUmX72v,Marketing Manager
mpalmer46,EtQONKY8zjdl,Automation Specialist III
ksmith47,BZXqBhuY,Web Developer I
lolson48,u7RvRnnstN6H,VP Accounting
wcruz49,zftwlPFkyhUr,Product Engineer
tgibson4a,Lxhjkey,Registered Nurse
wcoleman4b,lyLBthWD7Qh,General Manager
cmills4c,N0RLwWcNL,Chief Design Engineer
isanchez4d,OEpKiWkn,Marketing Assistant
cadams4e,eoWGHnvZ,Junior Executive
jbanks4f,V3vvAx,Information Systems Manager
jchapman4g,C6Lq5tAsGY9,Technical Writer
lbrown4h,vtUO6awRhF,Desktop Support Technician
hholmes4i,ax4TM8d,Tax Accountant
rsmith4j,0TJlifi,Associate Professor
rphillips4k,bCBLhRPV6wNb,Quality Control Specialist
drivera4l,jeYKdYB7lz,Help Desk Operator
ganderson4m,W9OeYWtBoh,Data Coordiator
jgriffin4n,3Yn96ojARrP,Product Engineer
rmccoy4o,oLLPLA,Marketing Manager
kbennett4p,WDXRT9nne5u,Marketing Manager
ghicks4q,1ZLdTdJoHXs,Administrative Assistant I
cmason4r,bWIVfOXbCn,Safety Technician IV
kboyd4s,BNZXVIT,Accounting Assistant IV
alittle4t,YJ7YPtDjl,Recruiting Manager
mharrison4u,TgOK3OO,Media Manager II
sstewart4v,GbeyhXfgj,Food Chemist
jedwards4w,HzGBq2,Community Outreach Specialist
lross4x,LtKY0JjWy0,VP Product Management
hbutler4y,aujanXOiky,Product Engineer
iharris4z,dP2WsF,Actuary
fyoung50,syOtJj,Research Assistant I
jjames51,f0GACzWBYC,Help Desk Operator
ldixon52,G1VgJqgH,Account Executive
jpatterson53,3tWjjSRzaN7,Compensation Analyst
dwoods54,VoOOsZV,Editor
phowell55,UKcAB7,Research Associate
enguyen56,WLWofaBgs,Social Worker
amason57,rveRIqSDdh,Geological Engineer
llewis58,SozwFiUY3xhH,Project Manager
mfoster59,yCEFgQWgLoBX,Account Coordinator
gduncan5a,hvrtMi,Civil Engineer
rkennedy5b,rX3YYAh9qvc,Design Engineer
dpierce5c,snuS2vHv,Staff Scientist
twebb5d,nI1Gixpya,Help Desk Operator
mpalmer5e,pBxFpZ0z9yq,Environmental Specialist
wbennett5f,wPiGhq,Director of Sales
cparker5g,ZVPLcMb7j,Accountant II
jsims5h,QaeT1sOy0uzU,Dental Hygienist
bgarrett5i,Gb7GGv2D,Recruiting Manager
fgonzales5j,LsWzYWU,Actuary
bpeters5k,ayyphVEzy8wj,Biostatistician I
jbowman5l,jDOyTSJ,Physical Therapy Assistant
mcarroll5m,s7FLoHI4rDV,Chief Design Engineer
lwatson5n,ATcCCRT,Health Coach II
bgarrett5o,4DIiQg91bNw,Automation Specialist III
kfields5p,fVsUx90GtT,Senior Financial Analyst
lmitchell5q,wmPGuxf,VP Sales
tjacobs5r,jXXtyL,Systems Administrator IV
rgarza5s,QNeuFb4,Computer Systems Analyst I
rgonzalez5t,7nSXGok9fUj3,Product Engineer
pparker5u,8rE59jut,Desktop Support Technician
jwashington5v,A2dSyPMIolw,VP Sales
nprice5w,GnGK0i,Civil Engineer
dschmidt5x,WwPwie,Administrative Officer
lellis5y,GFYbER,Research Assistant II
freed5z,Jp0OoKGcAC,Programmer Analyst III
wfernandez60,beqxq8LAQ,Tax Accountant
rward61,pfqsonxOG,Environmental Specialist
tgarza62,X7zE8ShuOTuV,Dental Hygienist
jwatkins63,OmkZagKQTlV,Quality Engineer
bbailey64,PyvpcK,Desktop Support Technician
shill65,kmrL1ESOVp99,Engineer IV
jmarshall66,eJdBLyojQPO,General Manager
jboyd67,lwDj7XrB0,Clinical Specialist
mjackson68,B3NlJrHnWKX,Legal Assistant
dprice69,xuPWpfdNCJ,Director of Sales
jdean6a,salRmSg,VP Marketing
aellis6b,A3SL5QSjkx0I,Developer I
mburns6c,A7dy0VCR,Marketing Manager
dmoore6d,Gw46VEQxOj,Analyst Programmer
sholmes6e,G8hbO2JdWDO6,VP Product Management
rjenkins6f,atIKexJ4tSU,Speech Pathologist
radams6g,p00t13V,Biostatistician I
dwagner6h,q4F0h4C,Senior Editor
randrews6i,XSqbZo,Statistician I
mmorrison6j,zoJF4cD8,Environmental Tech
ppeters6k,dtlztyDwrRqv,Automation Specialist III
smedina6l,yVaUZLj,Help Desk Technician
amccoy6m,Olp3wpfXlLuK,Environmental Tech
jcastillo6n,z1OYmn4a,Product Engineer
mporter6o,nETzDWzCWIIE,Structural Analysis Engineer
kgomez6p,yYZyrvVt,Software Consultant
jwelch6q,ZNUgzDN6Zz,Software Test Engineer II
pmedina6r,PbJoQUQ,Professor
lhenry6s,3OSKGowMz,Civil Engineer
rwashington6t,MM2LGjc,Product Engineer
pharper6u,D9guvE8TgF,Compensation Analyst
aholmes6v,GsCGNRa,Operator
lfuller6w,zT7SEMDcx,VP Sales
hthomas6x,f7BZmN4cpI,Environmental Tech
ccarr6y,WdZaIWHksRn,Safety Technician II
ccarpenter6z,wElRTb,Research Nurse
lfoster70,GGHbg14Fmb,Data Coordiator
ccruz71,ZdeekDuwC,Database Administrator IV
bjacobs72,SuSB8f,VP Sales
plarson73,ibwy7jNpZDnZ,Engineer IV
jfox74,BaIUlNov,Budget/Accounting Analyst IV
pfranklin75,wdMgk1,Staff Scientist
dlittle76,okpn8C4BV2,Product Engineer
lgordon77,tB6qPmF7Hp5p,VP Accounting
egriffin78,pHRBdQ,Nurse Practicioner
mmorris79,ani1l58M,Health Coach I
bdean7a,lyya7JLZ,Civil Engineer
tsims7b,hPdJIR8bJ,Junior Executive
jhudson7c,MHGYtOQ,Geological Engineer
elittle7d,5LozoI,Junior Executive
chill7e,SNDau5BqHsO0,Human Resources Manager
ijacobs7f,LaC5slaiD,Cost Accountant
hlarson7g,UiDOmis5mgJ,VP Product Management
rhill7h,q8Nr1E0,Physical Therapy Assistant
srodriguez7i,OELCZGcQ3qF3,Legal Assistant
lhawkins7j,Dm5zNHTMT4,Compensation Analyst
dgarrett7k,ZLMuJXq8ROHn,Clinical Specialist
bgreene7l,C7LIezit,Software Consultant
slarson7m,cFAdO7yHRifg,Accountant IV
jhenderson7n,HqgWitPl,Dental Hygienist
pbrown7o,r7bhaTzdiu,Senior Editor
rfrazier7p,rDMtw2n5La4,GIS Technical Architect
flawson7q,FaUF5bQ8qLY,Health Coach III
shawkins7r,QFeXZH2,Civil Engineer
ahansen7s,Fj72uvo,Associate Professor
pknight7t,OsIrih9mWX,Sales Representative
jbradley7u,7pyddgnjfP,Financial Advisor
swelch7v,AGZblI,Clinical Specialist
ahernandez7w,lErtZsEatHVD,Sales Representative
aschmidt7x,zAP2AK,Desktop Support Technician
bgilbert7y,vGwyhUwINX,Automation Specialist III
wwebb7z,A0kKkca,Mechanical Systems Engineer
jshaw80,1sa3CMZQPNNf,Mechanical Systems Engineer
ckennedy81,V7jILqLvG9tV,Junior Executive
jalvarez82,X6XSU6XtE,Staff Accountant I
jdiaz83,uBu6znq,Research Nurse
kalvarez84,Bh4qwuGOs,Chemical Engineer
mmartinez85,LYoYbtNQc0E3,Recruiter
mhughes86,6cl6NgeD,Quality Engineer
bfranklin87,V2bHCjHiN5qS,Professor
jfranklin88,RtYMa9aI1Fe,Business Systems Development Analyst
ljohnson89,o5ndASbOV,Health Coach III
klittle8a,x1uUnC5,Analyst Programmer
jroberts8b,lARwF6Nqbb,Environmental Specialist
jpatterson8c,Dx3jOxiFCoov,Executive Secretary
phanson8d,pRXmal,VP Sales
falvarez8e,eDo2WPp,Account Executive
jmontgomery8f,bm5w2x5,Staff Accountant II
amartin8g,ZXRhrt,Systems Administrator I
jprice8h,LTbgCNksRa,Staff Scientist
wlopez8i,huhsnUh9,Senior Financial Analyst
mgordon8j,D50afwk2,Web Developer II
nhawkins8k,YwGVKoW,Internal Auditor
rmurphy8l,pkkSYT7,Research Associate
jprice8m,To6lZ7a3h6hZ,Staff Accountant III
acrawford8n,FgCoQnKvmkks,Social Worker
mhall8o,3aON0hJi,Teacher
mgeorge8p,pcdAsVq8XHQ,Health Coach III
pmoore8q,JzVPfyNU2,Health Coach II
cpalmer8r,IXFnsu1B,Environmental Specialist
agardner8s,XXo9hO,Compensation Analyst
ccook8t,ilo98k,Software Test Engineer II
rmarshall8u,PiBKmh,Electrical Engineer
amason8v,5TUNLMmvpcwn,Recruiter
sdean8w,JHSslED9,Assistant Manager
jburns8x,9iUym74,Financial Analyst
trogers8y,Y3ef6dVDkhq,Engineer I
eking8z,pM7JxaUfj,Librarian
wboyd90,CKALgYTJY,Occupational Therapist
cblack91,u32TLhB,Database Administrator IV
fbell92,Zl0092P,Human Resources Manager
crichards93,n7HgVR,Systems Administrator I
lreid94,be59XxhvY,Senior Sales Associate
afuller95,xLkKcGODLYD,Operator
ccrawford96,7w49wf7FZw,Desktop Support Technician
sbryant97,8cjSeqV75Vyb,Account Executive
cwatson98,UUa1Qn,VP Quality Control
mowens99,fxvkTgUqC,Recruiting Manager
jallen9a,EhjYAzB,Speech Pathologist
shunt9b,hdgp5yHvAC9f,Accountant III
alawrence9c,rS1A0Q,Administrative Assistant II
cmorris9d,xRfxly7rjI,Quality Engineer
jcruz9e,5xRzMrz6,Technical Writer
hcruz9f,Uw05xTf0vDT,Technical Writer
cbaker9g,gUrkUkPye,Automation Specialist II
ebishop9h,4xvP1ZkP,Sales Associate
ajohnston9i,PPa8KmE,Editor
chenderson9j,AxAWr1i4NVqn,Statistician III
vthompson9k,WHAOq1verT,Web Designer IV
tnichols9l,3AKwpnYqS,Business Systems Development Analyst
jevans9m,v6WiwYUkRl1E,Software Consultant
aparker9n,zxuDdbFqNj,Statistician II
dbradley9o,8jNj2GTF1,Product Engineer
tbanks9p,Cxw7BIY,Help Desk Operator
ddean9q,xHbJrF,Office Assistant III
kcarter9r,yLbtuTUh,Computer Systems Analyst III
vdean9s,eqdhatv8T,Financial Advisor
drice9t,W2Ab1YgrZeo,Engineer III
wbradley9u,4OopTXA,Analog Circuit Design manager
dbell9v,NHRmTe,Research Nurse
ssanchez9w,SUbn3Ma1Oo2G,General Manager
cmorgan9x,mlPDxkWUYVC,Nurse Practicioner
rlewis9y,uQ1Vcd,VP Accounting
tstevens9z,WqAv7vSD84,Associate Professor
aramosa0,ns1UI9fPxruU,Research Assistant I
ccarra1,waSd2ZR8Gp,Electrical Engineer
jreida2,19pW1zcOwiga,Environmental Tech
slittlea3,v27T85hcxMJN,Associate Professor
jlawsona4,rKYr0E11z2,VP Sales
candersona5,grFd4AQNNSC9,Food Chemist
mhawkinsa6,Zm01ntZxvnd,Account Executive
ameyera7,aiPYSGU,Nurse
dgilberta8,CIakmV,Librarian
arossa9,X5nkcDgLiA,Programmer Analyst II
lfrazieraa,1QHBBhHRwkvz,Social Worker
dmoralesab,Y2B7z36anqx,Account Coordinator
jturnerac,tyxeWLa,Accountant III
nwashingtonad,ETQLGf,Nurse Practicioner
ahawkinsae,Chj1Jc2P,Clinical Specialist
nroseaf,pR8rGfaNKE,Assistant Manager
jfranklinag,NpgWsq,Administrative Assistant IV
rwatkinsah,hASwYp6W,Quality Control Specialist
nfisherai,NBvt9f,Administrative Officer
ecookaj,EAdYk4wNOYA,Social Worker
ajacksonak,yHYLpT,Account Representative IV
whallal,PojpPxSXF3,Accounting Assistant IV
bmartinezam,Ex2RmsO,Human Resources Assistant IV
dberryan,WSlBxIk7PC4C,Budget/Accounting Analyst I
twarrenao,Ws2vYQJ,Tax Accountant
alopezap,sOl7u1KRl3QJ,Human Resources Assistant I
csimpsonaq,SgBN7uMq,Programmer I
ggonzalezar,ib0ULj0,Safety Technician IV
amorganas,X2ko2qJ,Programmer Analyst II
jsimmonsat,KxZ15v28jxtz,Staff Accountant IV
abrooksau,PoG2dwQDDC,Analog Circuit Design manager
mwalkerav,6PTTKVF5,Quality Engineer
crossaw,4KZtBx,Nurse
mdayax,OuPEXI26y,Teacher
cramirezay,AWQ4x3fp25Fb,Nurse
sarmstrongaz,kuz1k4,Electrical Engineer
mfergusonb0,G2gNyN6kE,Graphic Designer
ahansonb1,mGJPBvap0,Pharmacist
jperryb2,B0Ewq5js,Director of Sales
jjacobsb3,ebb6vZg2xaO,Food Chemist
jfowlerb4,7wWM2qW,Quality Control Specialist
kcrawfordb5,lvuD7l3M73I,Registered Nurse
dlaneb6,WMCkzmRfsUCM,Compensation Analyst
esimsb7,rGtUTUtbA2o,Sales Associate
cdayb8,xgXXkwxsa33n,Sales Representative
jrichardsb9,4fOvXB9qYH,Web Designer III
ppierceba,HH6jkfeZ9q3,Assistant Manager
eevansbb,6fjCYv,Analog Circuit Design manager
jlarsonbc,ZD1VKMKn,Environmental Tech
rcrawfordbd,lQ6rkQ,Environmental Specialist
ssnyderbe,hpAkVE2u,Chief Design Engineer
ealvarezbf,rzNegV3,Compensation Analyst
cwoodbg,XPScI6FhTjc,Engineer III
afullerbh,76r7L7KJ7J,Graphic Designer
jbrooksbi,wFHwG1S2LaN,VP Sales
fjacobsbj,reg2DfPUPZ,Assistant Media Planner
aalexanderbk,bndvl6ZV3,Account Executive
dhartbl,Nzt3yKeS8BQd,Professor
bgutierrezbm,fQqK1uwp,Programmer IV
pdeanbn,mZ5RhDh,Assistant Professor
sjenkinsbo,SysOBe,Internal Auditor
mbryantbp,roQVT77sS,VP Marketing
jfisherbq,E8dHzQjZok,Operator
blawsonbr,eKXLw4AgSt,Legal Assistant
sknightbs,SSmIX9,Financial Analyst
dburnsbt,8HbwjV4,Nuclear Power Engineer
cmarshallbu,fMfX8KjV1Vs,GIS Technical Architect
tthompsonbv,Qn9hGV,Chief Design Engineer
dcarrbw,iJq0K1dx,Editor
ekimbx,qsumlrGk,Physical Therapy Assistant
jcooperby,nxZgjvACf,Software Engineer IV
jreyesbz,N0H3v3kyWU,Recruiter
mcunninghamc0,NZWWhW3FMhx,Account Coordinator
rmorganc1,Pud5km,VP Accounting
gharperc2,hAQWiCJuEy,Quality Control Specialist
dtorresc3,LgmQEcjQN,Speech Pathologist
jdixonc4,lq9zrQB,Internal Auditor
tfosterc5,t4h4PXr5G,Systems Administrator III
ctorresc6,bqAOgyHU,Geological Engineer
srichardsonc7,6qkjtWk,Senior Financial Analyst
ghughesc8,os99ynwIn0M,Senior Financial Analyst
hholmesc9,dKcfBg,Associate Professor
ppalmerca,9XDe3yO,Associate Professor
bandrewscb,xgFUf2i,Community Outreach Specialist
jedwardscc,6N8c28ay,Teacher
jcruzcd,BuIWJHcUhVpU,Statistician IV
cwhitece,y3YAeb4bTs,Cost Accountant
mberrycf,8P1ddjEg,Desktop Support Technician
hgonzalezcg,1tquOGHuWP,Help Desk Technician
jkelleych,uWzWRuQ9r,Operator
bfullerci,1SSIi21s0uw,Actuary
ljohnsoncj,kNDspLwwEKnU,Environmental Specialist
dthomasck,M12GaVFA1EC,Senior Developer
rfernandezcl,6CGw9oB,Senior Sales Associate
amillscm,rILKNCAh7Uh,Civil Engineer
mpaynecn,MR6IKLLnRhC,Data Coordiator
laustinco,kHovET,Staff Accountant III
lpaynecp,8aKaUPGJ2O,Accounting Assistant I
afullercq,NVLa6om,Operator
jjonescr,NhaGPM4qw,Web Designer I
agriffincs,hP9rY2ipmf,Mechanical Systems Engineer
mwatsonct,U9Pv84dtm0,VP Accounting
rberrycu,mlNTcf9JWHe4,Paralegal
rallencv,ybtH5zbfldP,Pharmacist
bleecw,iIaP5aLeWUK,Senior Editor
brodriguezcx,pCy3E3yLW,Administrative Assistant IV
amatthewscy,RoFW7QQGHtoy,Nurse Practicioner
rhowardcz,0V9zwRGPj,Budget/Accounting Analyst IV
apowelld0,XqrUic0Q7I,Senior Editor
jwagnerd1,Bv16yvzjOJa,Project Manager
jwilliamsond2,pwvEzI,Analyst Programmer
tfreemand3,RYvyFpg,General Manager
tgardnerd4,7rpc90UDGr,Senior Cost Accountant
kriced5,5MfZ2PUfZgy,Biostatistician I
tlittled6,R2Rw70,Nuclear Power Engineer
jgarciad7,kLEswVHj,Geologist IV
arossd8,CuNQXIOejC5,Sales Associate
cmatthewsd9,7pyqMwU4miz,VP Product Management
jdavisda,leNHaDB,VP Marketing
tpowelldb,TOP1fqmDAcd,Assistant Professor
sphillipsdc,5U0Iml9GhhkQ,Business Systems Development Analyst
jryandd,wYicdR,Staff Scientist
msimpsonde,6rlEMmL,Nurse Practicioner
sbennettdf,8II7tll6qKAr,Junior Executive
bramirezdg,Vf5nlz,Sales Associate
kstanleydh,xccdOgiw3,Structural Engineer
jwelchdi,l4S988qLH4w,Civil Engineer
eturnerdj,rk4yNPps,Automation Specialist IV
dwilliamsdk,3znPIbRm5pY,Account Coordinator
candersondl,PhUdVR0mu,Editor
dhendersondm,oEkzmZBchZf,Staff Scientist
jgarzadn,hTLuf1ZwY,Media Manager I
khayesdo,e5C17oTg8,Electrical Engineer
pmitchelldp,N2QeOYAKJc,Technical Writer
vgreendq,BsKe49n5,Director of Sales
dwatkinsdr,PBzssY0Eb,Software Consultant
lsandersds,e4z9JA,Human Resources Manager
mhowelldt,5Lnl8oFg,Civil Engineer
jreeddu,eaBxUJ5Rx04Z,Food Chemist
ashawdv,KNaVB0jOX,Senior Quality Engineer
preiddw,kmOjtp2fe,Speech Pathologist
cmartindx,2SEY9mLDS1L,Business Systems Development Analyst
cwarrendy,SXLWQt3F,Professor
iramirezdz,EAoQSO,Teacher
rwallacee0,peLgQpbZ3,Structural Analysis Engineer
athomase1,azC4imQn6,Environmental Specialist
eperrye2,raKLSBVMz,Compensation Analyst
alawsone3,DszuYwJ,Staff Accountant I
planee4,SL9K5ti,Social Worker
dmooree5,0KDAAX6iF,Media Manager III
tgarciae6,YOzf4CJH3Qn,Environmental Tech
dmurraye7,bAm6yFV,Account Coordinator
cwashingtone8,D5A3QE,Staff Accountant I
afergusone9,7yey530jWm,Developer I
lvasquezea,rMgfKKlU,Help Desk Technician
pturnereb,GF7UBFPToey,Safety Technician IV
tburtonec,IS6NmVa7oq,Assistant Manager
dmitchelled,RSPM7Vh,Project Manager
bsimmonsee,rWwl12qjLZw,Web Developer II
dhowardef,jydJbqmNgPw,Registered Nurse
jalleneg,qrX6Y1bHQP,Staff Accountant IV
jstevenseh,j433GkaW,Executive Secretary
bbradleyei,XE8Q6po,Safety Technician I
pschmidtej,aCFK61e3uiK,Assistant Media Planner
rmendozaek,6VWQQEFoaND6,Project Manager
gwoodsel,PqAVp5WrM,Internal Auditor
thillem,cG7ZRJ,Analog Circuit Design manager
dgilberten,GpIZKIPDJ,Speech Pathologist
crusselleo,WWuiqwfEhTE,Design Engineer
rhartep,8InXsw0d,Quality Control Specialist
fperezeq,0ZCKXCoALlI,Research Associate
gwrighter,ZOKzRYkg,Administrative Assistant III
pcolees,jHY9ag,Nurse
ahendersonet,P2xQgiQqinQ,Research Associate
wsnydereu,dus5UZMUgp,Physical Therapy Assistant
jgomezev,UHIFnuVhXe9k,VP Marketing
areedew,b1hUyjytonz,Nurse Practicioner
khowardex,BkwD5n,Internal Auditor
pryaney,5ykdEgU7NRZ,Human Resources Manager
jcoleez,NVSKOXl19mM,Biostatistician II
sspencerf0,6yoaW9a8,Food Chemist
mrichardsf1,ClAJacD6ZF,Executive Secretary
jramirezf2,RDbJ9jMd,Desktop Support Technician
slanef3,Zamf4E,Administrative Officer
cbishopf4,qw8nFPHgI45E,Business Systems Development Analyst
nmccoyf5,6MPucLuCRNBe,Human Resources Manager
agonzalesf6,GmxE2KaqVN6,Librarian
amartinf7,CH0fUbK,Software Consultant
ealexanderf8,xiFlLp3ks,Payment Adjustment Coordinator
jblackf9,UDLFam,Help Desk Operator
preynoldsfa,kIh6s8dST,Actuary
cadamsfb,uFlj3LLVsJ,Compensation Analyst
erodriguezfc,abDmRfK2,Systems Administrator III
gowensfd,UhfLuZGO3hdl,Registered Nurse
sphillipsfe,5kLQlA3JgcNB,Geological Engineer
njenkinsff,v75YPXqlVFy5,Community Outreach Specialist
dphillipsfg,sJjdJGh,Financial Advisor
pthompsonfh,lPPA86o,Research Associate
eallenfi,VmkcUyu1c,Paralegal
bhansonfj,nAuYk0fB,Human Resources Manager
lhowellfk,wqdgf4DaX,Business Systems Development Analyst
tcarterfl,fNVaI88gNay,Occupational Therapist
jandersonfm,dr6kF8,Social Worker
emillerfn,1cHL3Tvvq,Chief Design Engineer
mboydfo,ZkbUMf1C6dQ,GIS Technical Architect
sryanfp,f71zYkHe4Z,Community Outreach Specialist
nruizfq,vUGkgy,Marketing Assistant
marnoldfr,DrifNq1WR,Actuary
vhuntfs,ctXwtiVFZli,Internal Auditor
jgarrettft,Em6QvIdqUN,Compensation Analyst
cmccoyfu,mtLuS3RBzsiF,Electrical Engineer
ksmithfv,ChkKwHkYFH,Nurse Practicioner
jparkerfw,9SHEY1jcB,Administrative Assistant II
nrileyfx,GUN3OG,Actuary
tgarciafy,WSn89b9hy,Technical Writer
bfisherfz,kLMo8asS,Account Coordinator
emurrayg0,1UpqZH,Programmer Analyst II
dsimmonsg1,nBUlOX1P,Internal Auditor
irayg2,1w8nOCvK,Assistant Manager
avasquezg3,zyykzodjvPtZ,Database Administrator IV
jblackg4,xnpcsZfougY,Occupational Therapist
edeang5,YNpriKP,Accounting Assistant IV
ewheelerg6,C9vvavQsekWV,Actuary
kharperg7,tTVHM6IIhhhk,Senior Quality Engineer
jmendozag8,zGIIbg,Programmer Analyst II
balexanderg9,d5u73OxJmY,Assistant Professor
aaustinga,iPVo2jJ7nSh,Staff Accountant III
skennedygb,677kFkp9Lu,Environmental Specialist
tbishopgc,9VklgqJxmovM,Desktop Support Technician
awarrengd,dZt3y7N,Account Representative II
rlarsonge,JAtQPO5W,Nuclear Power Engineer
pfraziergf,7HMk8xDcIM,Senior Cost Accountant
rsandersgg,9zP1tnJUs9,Account Representative III
fduncangh,4xJcIRRP4wc,Information Systems Manager
nmendozagi,asNxGWkpYFh,Account Executive
prussellgj,hBMLxYI5G7yX,Web Designer III
crobertsongk,XQANZeO2,Staff Scientist
cbryantgl,VmlNzheVnH90,Marketing Manager
dhansongm,F3VZluA,Structural Engineer
draygn,16Nv68R,Marketing Assistant
jnguyengo,ujXkIj,Technical Writer
brussellgp,8fagQhh,Marketing Manager
vpalmergq,cchDd4TNVqzj,Senior Developer
mburtongr,OFkFybV0h2Gm,Research Assistant III
aharpergs,WImddpVJH,Computer Systems Analyst II
gburtongt,F68dbETJCN,Director of Sales
ffullergu,FCNOpiKs,Software Consultant
kmeyergv,cSTWJcJvLjo,Speech Pathologist
lschmidtgw,z7nYh4ThDEx,Business Systems Development Analyst
jjohnstongx,MXndpJE8,VP Product Management
jclarkgy,6kSZOv,Internal Auditor
ejacksongz,SZtw4XB,Analyst Programmer
eshawh0,wAeN8vhu,Structural Engineer
bharperh1,lKrDx718vgi,Software Test Engineer I
jclarkh2,bxY0MQUqCYt,Web Designer IV
kmarshallh3,p8fmCldn6Nf,Budget/Accounting Analyst I
shunterh4,9CFbyz84,Information Systems Manager
ifoxh5,Ud8Z3GT,Clinical Specialist
acooperh6,X9ZRUg,Assistant Media Planner
sharth7,0DStiAOQj,Software Engineer IV
ereyesh8,IQdOsbKcA,Programmer II
dhendersonh9,ZD3013FFKKe,Technical Writer
dsimmonsha,jaYXjk,Structural Analysis Engineer
jthomashb,1C1qFPOfR,Structural Analysis Engineer
cnguyenhc,tzznPYm,Safety Technician II
ajoneshd,x0e0V25,Technical Writer
tdayhe,PuUCtrqptcI5,Data Coordiator
sadamshf,7UF6xL,Marketing Assistant
smitchellhg,Y1StN4vd,Operator
ajordanhh,9CJxnPm6I,Senior Sales Associate
lkennedyhi,3NhB1oQMFoe6,Environmental Tech
pbutlerhj,7CE0IbjU,Statistician III
amarshallhk,BOh4JDZk,Nurse
jkelleyhl,k5n0O2SO,VP Product Management
lreynoldshm,trNoqQwp,Media Manager I
colsonhn,gENS6b7P,Developer II
emendozaho,2Lia8rE,Actuary
bjenkinshp,sVE5AmMtZ6p,Automation Specialist I
mgonzalezhq,CbbnUzFxX0,Recruiting Manager
jhowardhr,qoxhTzD0,Compensation Analyst
pmoorehs,HB5D9eD,Senior Developer
wrobertsht,EATxXS9SmB2,Software Consultant
jrobertsonhu,E1w4XBQt,Quality Engineer
dhansenhv,48wpOT,Analog Circuit Design manager
vfrazierhw,9cUwN6,Operator
cmendozahx,zpWFO1tM,Automation Specialist III
chudsonhy,KRlmYaEHo,Human Resources Manager
cramirezhz,uwN7Ef2,Financial Advisor
lwoodi0,p7smnkbSx,Sales Representative
jjohnsoni1,bVvMwiqr6,Developer II
dlongi2,agJQfQ,Web Developer I
adeani3,GuaWoUie,Health Coach II
lrichardsi4,cppcYcIzvPL7,Design Engineer
jsnyderi5,id63G2qW,Structural Analysis Engineer
pwrighti6,SxkZQaneQOh,Assistant Professor
dhawkinsi7,gG4tH8l74C6D,Marketing Manager
fbrooksi8,drI2pOIn8wR,Data Coordiator
lbelli9,gv5D6O,Quality Control Specialist
twillisia,o62mxG2c8o8,Health Coach II
iduncanib,DU5x7h3Y,Junior Executive
wyoungic,5R8vPJU,Database Administrator III
jcooperid,4GKGAI,Budget/Accounting Analyst II
vwillisie,yjFS1KM,Nurse Practicioner
cadamsif,4iNZMq3Fu,Database Administrator IV
mmorenoig,h9pVHdR,Graphic Designer
ljonesih,fb9eqr,Technical Writer
srodriguezii,ezouwGIq,Software Test Engineer IV
mmatthewsij,YbDgfWAW,Speech Pathologist
mhamiltonik,hF4dce,Accountant III
kphillipsil,1YJxv7c,Software Engineer I
rwashingtonim,QIJfbCPxhh,Media Manager III
twilliamsin,DmgkJIrqA,Graphic Designer
bboydio,uCt1XLp0gHr,Nurse Practicioner
kriceip,LTwLlIZnT3,Business Systems Development Analyst
lgibsoniq,BJ9OOwb,Graphic Designer
spetersonir,VubzL6pfJL,Staff Accountant I
nchavezis,XBiRoCMv,Software Engineer IV
whudsonit,Xl67uzTSChb,Office Assistant I
ccrawfordiu,Hy1sGK3E,Community Outreach Specialist
rperryiv,RCIQOQ7,Administrative Assistant III
rcrawfordiw,VgYv7tT9f1B3,Statistician IV
jwarrenix,BEVJ8nuI,Research Associate
cmurrayiy,gZ4IrlN5uGv,Technical Writer
fcolemaniz,AvAawAXFRS3,Professor
bperryj0,T2zjSxuv4u0,Biostatistician II
rduncanj1,KmRdedOR,Administrative Officer
jmitchellj2,6nG9nSEhxGL,Legal Assistant
jlawsonj3,Us1juX,Technical Writer
dbowmanj4,82oGZgSo,Civil Engineer
ckingj5,Yn9dap,Accountant III
awilliamsonj6,tojJ9IS3,Research Associate
jholmesj7,MEWU8C,Administrative Officer
rfrazierj8,4deP0oQSgBQ,Research Associate
amorrisonj9,7MO0Xc,Statistician IV
jrussellja,UQAWKcUEMylZ,Desktop Support Technician
pbaileyjb,wUBTfezT,Research Associate
aandersonjc,atDBrQT6v7BV,Nurse
fcunninghamjd,uuNeIyH9TFLH,Programmer IV
arodriguezje,rin7F2jZMNS,Senior Cost Accountant
jmoralesjf,AQ1r7tGV2R,Chemical Engineer
roliverjg,gmH1yuu7W,Recruiter
dlittlejh,vTWimvCNrK,Business Systems Development Analyst
swoodji,VPXbfDPJpPbk,Physical Therapy Assistant
jelliottjj,8W9qGToqDv,Account Representative I
jmcdonaldjk,kjBwQfcZriT5,Human Resources Assistant III
dchapmanjl,nSEeba0AwYf,Project Manager
aburkejm,tPVKySZEm,Payment Adjustment Coordinator
tharrisonjn,Ake53Pkr7,Occupational Therapist
pramirezjo,99Nzyrm,Software Engineer III
agilbertjp,X89rVwMMSjPD,Engineer II
tboydjq,9XR3OCa1,Graphic Designer
hperezjr,47AfU9LS,Financial Analyst
pvasquezjs,u96bNN,Research Nurse
gjordanjt,0o65v85i,General Manager
bbrooksju,Kw6N8Co0lCC,Safety Technician IV
sburnsjv,TxvRdCLkUpoN,Geologist IV
ahenryjw,k8ZUxUP,VP Product Management
dhudsonjx,WcGPwB,Pharmacist
ncollinsjy,onY3pv,Graphic Designer
mhayesjz,zoTL5OTN7JS,Product Engineer
dmartinezk0,yUeIbp,Senior Cost Accountant
aleek1,3BCK7EGx,Account Coordinator
dfranklink2,xB3VkY,Senior Financial Analyst
cjohnsonk3,ti6RXqYiCe,Budget/Accounting Analyst II
jcunninghamk4,9hjdAzySORBr,Marketing Manager
hjamesk5,GLBKiItz,Computer Systems Analyst II
scooperk6,TDD5ebLBn7,Structural Engineer
laustink7,XkfIbtJ,Software Consultant
lalvarezk8,JhWJwHI76F,Office Assistant II
rkingk9,TYtCGBNNg,Account Executive
kgrantka,eNzaEgI2f,Project Manager
jgibsonkb,S3zpgT,Research Nurse
fcooperkc,tN9j68,Assistant Professor
hcolemankd,PHrCgAaQ,Research Associate
pwilliamske,HBuXAtlV,Design Engineer
ssmithkf,nCxwtciJs4T,Administrative Officer
jsanchezkg,hPJWhsCHZVWw,Executive Secretary
gwoodkh,F5W2r1,Junior Executive
amasonki,j83REuk,Project Manager
aalvarezkj,fx0HHWmM6,Biostatistician III
mperezkk,VENhTDJZB,Human Resources Manager
pmcdonaldkl,2PiupdRXaa2,Financial Analyst
scrawfordkm,KloB3rJaxyz,Chief Design Engineer
kmarshallkn,cfBVlb7f,Account Executive
jramirezko,rTDi99X,Recruiting Manager
asanderskp,WsAXf77zJs3,Electrical Engineer
dshawkq,8pd6ehvF,Account Executive
cparkerkr,6zTBKW6d,Computer Systems Analyst I
wlittleks,GhQlCJ4s5pQJ,Account Representative IV
jromerokt,pQG0buDuQ,Director of Sales
hcampbellku,OJmTd4GRQchR,Assistant Media Planner
mjacobskv,vFQMhd,Analog Circuit Design manager
jbaileykw,fS6LULDVu,Chemical Engineer
bshawkx,SgYD15BoaI,Web Designer IV
lcunninghamky,L3Lq0aboZd,Internal Auditor
hgibsonkz,cH6DLhx,Statistician I
ewallacel0,vXqkluM6bhQ,Desktop Support Technician
jwarrenl1,5fNDq1BZBzvo,Cost Accountant
jsandersl2,EfxjOwz40,Research Assistant I
pshawl3,qqhMSHWCGDSo,Senior Editor
pfernandezl4,VUmi6T,Accounting Assistant III
pbennettl5,ldkjNvrrmM,Community Outreach Specialist
pmedinal6,H5d9sK7zf3,Database Administrator III
wkiml7,uyrpm5,Director of Sales
rfloresl8,FYp6D4wFjJ,Analog Circuit Design manager
slanel9,3yQaM6Wa6Kx,Pharmacist
bhudsonla,V4VsK77N,General Manager
vclarklb,eSj8qsU427S,Business Systems Development Analyst
aaustinlc,r5b8d8sPSvVB,Chemical Engineer
kcolemanld,yC1g5cguT,Business Systems Development Analyst
amarshallle,bW8RxVOyz,Sales Representative
pfoxlf,7YZhdqLH03x,VP Quality Control
kthompsonlg,EiPJDP4k,Technical Writer
greidlh,WfnIxuUVAvCP,Editor
tdanielsli,Sv4e8EJv9i,Analyst Programmer
eshawlj,3xtBALclNK,Mechanical Systems Engineer
skinglk,SR8h5rZ,Assistant Professor
ayoungll,3TqFWHoddTh,Mechanical Systems Engineer
jcollinslm,s2Wmzi0gC,Health Coach III
khendersonln,2eiumqaju,Help Desk Operator
mgrantlo,wlt91X55DKOO,Actuary
jgriffinlp,cmhHWr5p,Tax Accountant
jspencerlq,Otte9fnq,GIS Technical Architect
jfieldslr,LtqgFjoR7VTU,Product Engineer
hbrooksls,TcGZ2YH,Software Test Engineer II
cphillipslt,5feAzc6sh06P,Electrical Engineer
joliverlu,6LuB52,Media Manager III
krobinsonlv,ttz5yF,Web Designer IV
jpiercelw,2KZwqQaq,Community Outreach Specialist
mpalmerlx,3DCMxXV2y5yF,Accountant II
kmartinly,G8l0SR0pFhtn,Recruiting Manager
raustinlz,l6BvHErkiv4,Food Chemist
dwilliamsonm0,QjeGS0FEBdf,Executive Secretary
mdaym1,2gzFBb0,Biostatistician III
hburkem2,rSA0BErHl,Senior Developer
emoralesm3,OpDwRxkR,Help Desk Operator
alynchm4,7UGP4Mgj,Professor
jrileym5,cN9GJAz20Zq9,Sales Representative
sjenkinsm6,KZoliLpUuI2A,Operator
jcarterm7,vCyPuLTQJ,Software Engineer I
jsullivanm8,0xXoMS,Director of Sales
jsimsm9,RZWxplfKH,Data Coordiator
shawkinsma,fb6Hutnu5,Nurse Practicioner
afullermb,mafOMniuMff,Research Associate
mpetersmc,qopCMaLxrV,Teacher
lmedinamd,bjeIob3vlS,Biostatistician I
khuntme,FL40ba8nfA,Administrative Officer
bpricemf,KWeh4vCK,Senior Editor
jportermg,osdSNwVklsJ,VP Quality Control
jhughesmh,0zdIYPVAKTY,Technical Writer
revansmi,YFOSCMy425B,Professor
dmccoymj,KsntjcthSS,Account Representative III
pdiazmk,DFtm1wlbTGaM,Office Assistant III
jevansml,mYtzVBoIK2,Office Assistant III
bstewartmm,HVGJdACmfug,Senior Developer
rrichardsmn,S5HBYtmO93,Clinical Specialist
jhowardmo,XnQJvrfY,Accountant III
rnguyenmp,i4glULdFo,Account Executive
jrichardsmq,eentEXdl,Assistant Professor
wchavezmr,uSpFI42ebV,Assistant Manager
clanems,DJaK4aIutBM1,Safety Technician II
knelsonmt,ceNXb3q9,Staff Accountant IV
hscottmu,ddbyid,Software Consultant
agraymv,qKsPQMi7Hc,Programmer Analyst I
ddavismw,kIADup,Product Engineer
sfernandezmx,7zM2P7fulFtm,Senior Developer
jalvarezmy,EhCWYpNaPBn,Programmer Analyst III
showellmz,M4heV519,Research Assistant I
awilsonn0,tJ8gy428bcJo,Senior Cost Accountant
kstevensn1,v4Lye8JGA,Account Representative IV
hwilliamsn2,kO6HvMdzhy,Director of Sales
kbowmann3,oF8IXV,Web Developer IV
arodriguezn4,X4ReQ9n3RX,Internal Auditor
dholmesn5,i7DrYDY,Financial Analyst
nstewartn6,d2eHD5h,Editor
gwardn7,8TflcWbaWnG,Assistant Manager
balexandern8,jg7tDl3hAhC,Senior Developer
imyersn9,H45ew2ArnkEb,Executive Secretary
lpiercena,1rxpdgHQD,Programmer III
rrobinsonnb,0Bqn9JytiU,Assistant Manager
jmccoync,Lz1gN9zPV,Quality Control Specialist
bhawkinsnd,pUMAity57,Community Outreach Specialist
ahamiltonne,lt4VZKEp8J6h,Design Engineer
pcoopernf,dnXWP3p,VP Product Management
jmyersng,0bJUwK,Project Manager
kgreennh,hKtQIvqM,Graphic Designer
acarrollni,pTF7E3SM,Environmental Specialist
dandrewsnj,P64tF2K1oCZ,Senior Editor
gthompsonnk,DCSG7rGMwHT,Mechanical Systems Engineer
molivernl,I4H6JZEDu,GIS Technical Architect
rsimsnm,acseFaoV,Staff Scientist
jwillisnn,BYBKfQx19kwx,Media Manager II
drodriguezno,OCaOCa,VP Accounting
nholmesnp,q3DpAW,Nuclear Power Engineer
kortiznq,zASjtzC,Electrical Engineer
jsimmonsnr,c7SeGtpb,Graphic Designer
jperkinsns,gj3oaVTXNgAd,Staff Scientist
jjenkinsnt,jdKPuAmVm4,Programmer IV
acarrollnu,yf3mtCX3v,Geologist I
cjohnstonnv,QtoPdbr,Information Systems Manager
lbrownnw,zbFWtQPLxNy,Database Administrator II
skelleynx,WjcFnypiVOb,VP Quality Control
tkingny,pYfSHssGM,Occupational Therapist
pdeannz,2orGgx7WCn,Senior Developer
tnelsono0,bPTtainn,Registered Nurse
lgreeno1,2U8ppdiI2aiM,Research Assistant I
vcarrollo2,MJ9cW5,GIS Technical Architect
swebbo3,Ul6wcd,Chief Design Engineer
jbaileyo4,IWf1710oGG,Speech Pathologist
hwrighto5,kSemuEoDD,Automation Specialist I
rcarrollo6,SzTJIglYxFIO,Engineer I
mreido7,aHIqbkvrfyst,Marketing Manager
hwellso8,7qQV3C,Structural Analysis Engineer
rlittleo9,jnpM40OLm33s,Help Desk Technician
jwellsoa,y7vpV7cNZD,Recruiter
bweaverob,nvSojbdn,Senior Editor
slaneoc,nNj1kY,Automation Specialist I
jadamsod,G9t5Xah5bD,Nuclear Power Engineer
kkennedyoe,VgjUGU5vVuR,Teacher
cbarnesof,mx4ToOEz,Administrative Officer
jarmstrongog,d3NfPTgbNH,Physical Therapy Assistant
dwardoh,Teu6iud3ij,Research Nurse
lrodriguezoi,p3q7JIQyiWvc,Web Developer IV
sgarciaoj,06Phyp,Environmental Tech
acarrok,SfnXxkvC,Research Associate
gcooperol,Hcnf4o,Business Systems Development Analyst
asnyderom,AuFfpi3EQ4O4,Payment Adjustment Coordinator
mhowardon,88tByCT9s,Senior Cost Accountant
kgardneroo,rvZoCpxMib,Financial Analyst
cclarkop,mb5wDVKLV,Clinical Specialist
ewatkinsoq,mlHcANQvqzy,VP Accounting
jboydor,CZhA5T4s,Sales Representative
slawrenceos,kPL0apTmj1l,Assistant Professor
sperkinsot,jkbZMFHC,Web Designer II
framosou,L2abub,Senior Sales Associate
cbakerov,d9Y2b14RTQxP,Compensation Analyst
mreedow,0ZyZc1jr,Social Worker
jmasonox,BKur9Lld,Assistant Media Planner
rknightoy,oUxoF1,Account Executive
lwalkeroz,kKXB8JP,Assistant Media Planner
anelsonp0,ZsTiwC,Desktop Support Technician
nmurphyp1,g06wIFpNpfO2,Mechanical Systems Engineer
amasonp2,XQlnl8C7,VP Product Management
hreyesp3,wWiarxtdqh,Software Engineer I
jcunninghamp4,zAKP8AiEz,Speech Pathologist
kwellsp5,zFzBFrN8,Teacher
flawrencep6,tHC8DGm402wa,Geological Engineer
lperryp7,4E1ut8ue,Staff Scientist
cspencerp8,UR8rqsi,Senior Financial Analyst
eharveyp9,DLmjrQUsX,Quality Control Specialist
golsonpa,WR2JR4,Assistant Media Planner
rhudsonpb,R3wKALB,Administrative Assistant III
fpetersonpc,l9w0oL,Research Nurse
jhickspd,acLG9py1K,Cost Accountant
aalvarezpe,rMCyfJaINQ,Senior Editor
kmorganpf,N6nb3SDnTM,Mechanical Systems Engineer
greyespg,543B9BNPECJv,Electrical Engineer
jfrazierph,vEdvKjj9,Nurse
acarterpi,ZjwMkaQWX,Executive Secretary
iwhitepj,zin1bt,Occupational Therapist
egarzapk,v6z39YV66DYU,Senior Quality Engineer
hrobinsonpl,Ls9Ruk7y9,Senior Editor
tevanspm,4VZkL86smM07,VP Accounting
jgardnerpn,1G5AGqm7e,Dental Hygienist
jevanspo,QxWJQKcl,Sales Representative
cstanleypp,dnu5FNurne,Pharmacist
dperkinspq,pmxoQqxvr7UZ,Office Assistant III
plongpr,zhn26w2erQ,Research Associate
jhernandezps,qr4Mj9evo1GO,Research Nurse
bhowellpt,rJjGsrwClb0,Health Coach II
dwilsonpu,ZRqwmM3,Media Manager IV
pkimpv,7oAi0P0WURR,Chemical Engineer
tpeterspw,GUkPU9m6,Database Administrator IV
hfowlerpx,2g2pmR7lBEAs,Graphic Designer
jdunnpy,K0YERZ1ucSG,Web Designer III
talexanderpz,88a4NoB,Human Resources Manager
wbarnesq0,Xj8XGP4clC,Software Consultant
amillerq1,VdOUaM,Senior Cost Accountant
rmorenoq2,PzKeivdAIU,Environmental Tech
cwillisq3,mkFUeiA,Internal Auditor
lmillsq4,U9WNKs,Biostatistician II
jowensq5,Lt463AZU,Senior Sales Associate
ksimsq6,yrunielb,Geologist III
kellisq7,12rIUEXeC,Mechanical Systems Engineer
ftaylorq8,QBXxzL,Executive Secretary
mgomezq9,TdHOGwAKKXz,Developer IV
jcunninghamqa,3AUGwvQ7,Payment Adjustment Coordinator
mhudsonqb,U83OscCoZV,Health Coach I
lgreenqc,4bdtt48yei,Programmer III
maustinqd,UcY8sIb3,Director of Sales
lreidqe,tLPowAqln,Media Manager IV
rbennettqf,5T52dOH,Payment Adjustment Coordinator
jhicksqg,NpOXPd,Clinical Specialist
dedwardsqh,kh1ITX,Software Engineer IV
hjenkinsqi,0Kn3qOF5AP,VP Quality Control
pperezqj,2tLy1HoAav,Sales Representative
cwoodsqk,DtTJ3TF7Ms,Help Desk Technician
nhawkinsql,SOoSKYLV,Editor
pcruzqm,6ZzrBb,Administrative Assistant IV
jbarnesqn,7FggF0A31Gfk,Statistician III
vromeroqo,eoF1Tdiq,Civil Engineer
gholmesqp,rECG9bP,Engineer III
jhallqq,5QJwUrg,Mechanical Systems Engineer
akingqr,0ema8gAcj,Automation Specialist IV
iryanqs,FejP1hXn,VP Quality Control
jwellsqt,7WKGhvAdB,Accountant IV
blawsonqu,vFz8J1PF,Office Assistant II
hturnerqv,HrQG6MBCE0,Payment Adjustment Coordinator
kclarkqw,E8dnGa7DJ967,Media Manager I
rhillqx,baggxrxHbRDm,Account Coordinator
lcarterqy,wd1UGXn,Structural Engineer
sadamsqz,jRwiphib,Computer Systems Analyst IV
mduncanr0,XFoZQS0oGuV2,Operator
kpiercer1,JDJAtp,Junior Executive
vkimr2,n0P6m0vVBVK,Design Engineer
mwestr3,eJm9Qb6D2xFf,Account Representative III
nandrewsr4,iQye2e,Help Desk Technician
fbarnesr5,rkosOq14Xg,Media Manager I
aandrewsr6,FYKFefp,Product Engineer
pruizr7,Elnl5MRkg,Chemical Engineer
rcookr8,zcOCxpbCXSk,Assistant Manager
mallenr9,UtCOIB6Xz,Senior Sales Associate
areidra,XNVwyx,Nurse
bjacksonrb,mZutCGyo4iT,Nuclear Power Engineer
hpricerc,swDwgROyTZ,Community Outreach Specialist
dsimpsonrd,0NboAneTwQHq,VP Product Management
rpiercere,xEkt9uQS,Executive Secretary
rpricerf,wdXSv4hh,Actuary
jolsonrg,vdy52tzV,Marketing Assistant
asanchezrh,tED0pO52UFm,Community Outreach Specialist
jpriceri,OUOVGDn9,Pharmacist
ebryantrj,SwjB3cMnYWQW,Human Resources Assistant IV
awilliamsonrk,nP0eiJ,VP Quality Control
jromerorl,ViiTPCb0xjQR,Professor
scastillorm,vwGRbnA,Dental Hygienist
awarrenrn,4HXML3jFc2v,Editor
rhansonro,TLstMhc5,Operator
chicksrp,lWaYbEs49,Graphic Designer
tmatthewsrq,5SOOyU,Web Developer IV
ncunninghamrr,sfaStmkSl,Assistant Professor
