Oyoba,slittle0
Voomm,pgibson1
Oyoba,awheeler2
Youspan,ralexander3
Quinu,vrobinson4
Buzzster,nphillips5
Quinu,bcrawford6
Eazzy,smendoza7
Riffwire,priley8
Voonte,alane9
Mybuzz,rolivera
Blogtag,rwoodb
Jaxworks,fjacksonc
Zoomdog,kandrewsd
Flashdog,cmatthewse
Flipopia,nfloresf
Skyndu,lfloresg
Kaymbo,jmillerh
Zooxo,mrobinsoni
Voolith,cburnsj
Flashdog,gwheelerk
Latz,adanielsl
Blogtag,emitchellm
Youspan,psandersn
Voomm,bperryo
Quaxo,dgordonp
Mynte,jbradleyq
Twitterbridge,mbellr
Jaxspan,jelliss
Jaloo,sscottt
Youspan,jcunninghamu
Linktype,cpalmerv
Rhyloo,jfreemanw
Livefish,jporterx
Quatz,sfowlery
Feedspan,jfrazierz
Flipopia,aandrews10
Quaxo,lhill11
Twitterbridge,mlong12
Eazzy,mgreen13
Kaymbo,dgomez14
Pixoboo,jbishop15
Meeveo,wreyes16
Linkbridge,bgomez17
Rhyloo,phudson18
Twitterlist,tbrooks19
Feedspan,sgreene1a
Realbridge,cthomas1b
Bubbletube,arice1c
Oloo,gfoster1d
Trilith,mkennedy1e
Aimbu,pfields1f
Twitterbridge,thoward1g
Yodel,jlynch1h
Yozio,bperry1i
Linkbridge,bwest1j
Yoveo,dday1k
Twimm,vnguyen1l
Flipbug,speterson1m
Rhyloo,ecarroll1n
Centidel,jmyers1o
Topiclounge,jking1p
Ntag,lrobinson1q
Vipe,rrogers1r
Kwinu,abarnes1s
Twitterbridge,awhite1t
Janyx,cbanks1u
Mynte,ebaker1v
Voolith,rsanders1w
Voomm,rchavez1x
Twitterlist,swebb1y
Eadel,dgarcia1z
Shufflester,abradley20
Oyoba,tstewart21
Voonder,palvarez22
Camimbo,kcarr23
Aimbo,dhart24
Youspan,cfields25
Oyoba,cwood26
Twimm,dadams27
Jayo,jhall28
Aimbu,agarcia29
Gevee,rrobertson2a
Kaymbo,lelliott2b
Feedbug,kwilliams2c
Zazio,nschmidt2d
Flipbug,fgilbert2e
Vipe,gwilliams2f
Twitterlist,groberts2g
Realbridge,jferguson2h
Skyndu,kcrawford2i
Latz,psnyder2j
Janyx,hbrown2k
Voomm,hlane2l
Topicblab,afrazier2m
Oozz,sgilbert2n
Oyoba,aburton2o
Realfire,cpayne2p
Flashpoint,jarnold2q
Edgetag,kcruz2r
Oyoloo,gbrooks2s
Eazzy,tgarrett2t
Kwinu,criley2u
Eadel,jdunn2v
Photolist,jcox2w
Blogtag,mgraham2x
Rhyloo,ltorres2y
Roodel,tgibson2z
Voomm,jcarpenter30
Fivespan,nmason31
Oyoloo,dking32
Quatz,mphillips33
Riffwire,tmills34
Oloo,ptucker35
Blogtag,rward36
Flipbug,rhoward37
Yozio,arivera38
Eare,gmorris39
Jaxspan,jcastillo3a
Jaxworks,cdiaz3b
Dablist,jschmidt3c
Voonte,bcarpenter3d
Yodel,agreene3e
Jayo,sbell3f
Tagopia,eday3g
Jabbercube,rbrooks3h
Aimbu,mwarren3i
Oloo,bcook3j
Pixoboo,mwillis3k
Kwinu,pburton3l
Linkbridge,jpalmer3m
Kwinu,nwhite3n
Jaxspan,kandrews3o
Flashdog,jarmstrong3p
Ntag,tadams3q
Mynte,wellis3r
Ainyx,jreyes3s
Linkbridge,kwarren3t
Oyoloo,sbanks3u
Twitterbridge,cwhite3v
Oozz,kgarcia3w
Skyndu,shansen3x
Youspan,jrose3y
Oloo,bray3z
Tanoodle,larnold40
Jaxworks,mtucker41
Roodel,clawrence42
Feedbug,icunningham43
Vipe,cwelch44
Eazzy,mreid45
Zooxo,mpalmer46
Voolith,ksmith47
Jayo,lolson48
Quinu,wcruz49
Topicblab,tgibson4a
Twitterlist,wcoleman4b
Topicblab,cmills4c
Vipe,isanchez4d
Topicblab,cadams4e
Wikivu,jbanks4f
Innojam,jchapman4g
Zoomcast,lbrown4h
Edgetag,hholmes4i
Edgetag,rsmith4j
Janyx,rphillips4k
Feedbug,drivera4l
Rhyloo,ganderson4m
Realbridge,jgriffin4n
Topiclounge,rmccoy4o
Zoomcast,kbennett4p
Edgetag,ghicks4q
Oyoba,cmason4r
Jayo,kboyd4s
Feedbug,alittle4t
Kwinu,mharrison4u
Oyoloo,sstewart4v
Jaxworks,jedwards4w
Shufflester,lross4x
Rhyloo,hbutler4y
Youspan,iharris4z
Tagopia,fyoung50
Flashpoint,jjames51
Meeveo,ldixon52
Youspan,jpatterson53
Ntag,dwoods54
Aimbo,phowell55
Topicblab,enguyen56
Edgetag,amason57
Dynabox,llewis58
Youspan,mfoster59
Vidoo,gduncan5a
Zoomdog,rkennedy5b
Flashdog,dpierce5c
Voonder,twebb5d
Aimbo,mpalmer5e
Edgetag,wbennett5f
Skiptube,cparker5g
Mynte,jsims5h
Flipbug,bgarrett5i
Jabbercube,fgonzales5j
Youspan,bpeters5k
Riffwire,jbowman5l
Oozz,mcarroll5m
Eazzy,lwatson5n
Vipe,bgarrett5o
Shufflester,kfields5p
Voonte,lmitchell5q
Feedspan,tjacobs5r
Aimbu,rgarza5s
Topicblab,rgonzalez5t
Wikivu,pparker5u
Realbridge,jwashington5v
Flipopia,nprice5w
Quaxo,dschmidt5x
Gevee,lellis5y
Pixoboo,freed5z
Tanoodle,wfernandez60
Oyoba,rward61
Eare,tgarza62
Fadeo,jwatkins63
Oloo,bbailey64
Tagopia,shill65
Eadel,jmarshall66
Latz,jboyd67
Fivespan,mjackson68
Flashpoint,dprice69
Edgeblab,jdean6a
Bubbletube,aellis6b
Jabbercube,mburns6c
Yoveo,dmoore6d
Photobug,sholmes6e
Photolist,rjenkins6f
Jaloo,radams6g
Tagopia,dwagner6h
Zazio,randrews6i
Dablist,mmorrison6j
Youspan,ppeters6k
Zooxo,smedina6l
Flashpoint,amccoy6m
Lazz,jcastillo6n
Photolist,mporter6o
Thoughtmix,kgomez6p
Innojam,jwelch6q
Vipe,pmedina6r
Topiclounge,lhenry6s
Livefish,rwashington6t
Ntag,pharper6u
Latz,aholmes6v
Aimbo,lfuller6w
Centidel,hthomas6x
Flashpoint,ccarr6y
Voonte,ccarpenter6z
Realbridge,lfoster70
Tagopia,ccruz71
Mybuzz,bjacobs72
Tagopia,plarson73
Vidoo,jfox74
Fivespan,pfranklin75
Skiptube,dlittle76
Twiyo,lgordon77
Voolith,egriffin78
Realfire,mmorris79
Thoughtmix,bdean7a
Kwinu,tsims7b
Flipopia,jhudson7c
Yozio,elittle7d
Feedbug,chill7e
Rhyloo,ijacobs7f
Voomm,hlarson7g
Riffwire,rhill7h
Photolist,srodriguez7i
Riffwire,lhawkins7j
Photolist,dgarrett7k
Twiyo,bgreene7l
Vidoo,slarson7m
Twiyo,jhenderson7n
Mybuzz,pbrown7o
Oloo,rfrazier7p
Bubbletube,flawson7q
Roodel,shawkins7r
Ainyx,ahansen7s
Ntag,pknight7t
Jaloo,jbradley7u
Oozz,swelch7v
Realbridge,ahernandez7w
Zooxo,aschmidt7x
Aimbo,bgilbert7y
Voonte,wwebb7z
Edgeblab,jshaw80
Roodel,ckennedy81
Rhyloo,jalvarez82
Wikivu,jdiaz83
Eare,kalvarez84
Dablist,mmartinez85
Lazz,mhughes86
Meeveo,bfranklin87
Mybuzz,jfranklin88
Realbridge,ljohnson89
Linkbridge,klittle8a
Skiptube,jroberts8b
Oozz,jpatterson8c
Meeveo,phanson8d
Oozz,falvarez8e
Feedspan,jmontgomery8f
Flipopia,amartin8g
Fadeo,jprice8h
Innojam,wlopez8i
Eadel,mgordon8j
Tanoodle,nhawkins8k
Janyx,rmurphy8l
Linkbridge,jprice8m
Meeveo,acrawford8n
Edgeify,mhall8o
Voonte,mgeorge8p
Zoomdog,pmoore8q
Roomm,cpalmer8r
Twimm,agardner8s
Tagopia,ccook8t
Edgeify,rmarshall8u
Centidel,amason8v
Yodel,sdean8w
Trilith,jburns8x
Twitterbridge,trogers8y
Roodel,eking8z
Thoughtworks,wboyd90
Aimbu,cblack91
Eadel,fbell92
Jabbercube,crichards93
Roodel,lreid94
Voonte,afuller95
Mynte,ccrawford96
Realfire,sbryant97
Quinu,cwatson98
Latz,mowens99
Voolith,jallen9a
Flipbug,shunt9b
Feedspan,alawrence9c
Jabbercube,cmorris9d
Skyndu,jcruz9e
Buzzster,hcruz9f
Fadeo,cbaker9g
Realbridge,ebishop9h
Jaxworks,ajohnston9i
Youspan,chenderson9j
Roomm,vthompson9k
Pixoboo,tnichols9l
Buzzster,jevans9m
Oozz,aparker9n
Shufflester,dbradley9o
Voolith,tbanks9p
Edgeblab,ddean9q
Buzzster,kcarter9r
Jayo,vdean9s
Quaxo,drice9t
Fivespan,wbradley9u
Meeveo,dbell9v
Dablist,ssanchez9w
Blogtag,cmorgan9x
Jaloo,rlewis9y
Bubbletube,tstevens9z
Topicblab,aramosa0
Thoughtworks,ccarra1
Voomm,jreida2
Voonte,slittlea3
Gevee,jlawsona4
Skyndu,candersona5
Eare,mhawkinsa6
Zazio,ameyera7
Voonte,dgilberta8
Voomm,arossa9
Twitterlist,lfrazieraa
Eazzy,dmoralesab
Kaymbo,jturnerac
Flipbug,nwashingtonad
Linkbridge,ahawkinsae
Quaxo,nroseaf
Quinu,jfranklinag
Edgeify,rwatkinsah
Tanoodle,nfisherai
Yozio,ecookaj
Centidel,ajacksonak
Edgetag,whallal
Eazzy,bmartinezam
Mynte,dberryan
Realbridge,twarrenao
Flashpoint,alopezap
Dynabox,csimpsonaq
Tagopia,ggonzalezar
Jaxspan,amorganas
Edgeblab,jsimmonsat
Voonte,abrooksau
Jaxspan,mwalkerav
Thoughtmix,crossaw
Zooxo,mdayax
Photobug,cramirezay
Zazio,sarmstrongaz
Photobug,mfergusonb0
Voolith,ahansonb1
Ainyx,jperryb2
Dynabox,jjacobsb3
Topiclounge,jfowlerb4
Riffwire,kcrawfordb5
Dynabox,dlaneb6
Twiyo,esimsb7
Youspan,cdayb8
Eazzy,jrichardsb9
Thoughtworks,ppierceba
Thoughtworks,eevansbb
Jaxspan,jlarsonbc
Quaxo,rcrawfordbd
Jabbercube,ssnyderbe
Zoomdog,ealvarezbf
Pixoboo,cwoodbg
Quatz,afullerbh
Tagopia,jbrooksbi
Mynte,fjacobsbj
Zoomdog,aalexanderbk
Voomm,dhartbl
Edgeify,bgutierrezbm
Skiptube,pdeanbn
Kwinu,sjenkinsbo
Mynte,mbryantbp
Riffwire,jfisherbq
Voonder,blawsonbr
Innojam,sknightbs
Pixoboo,dburnsbt
Yozio,cmarshallbu
Youspan,tthompsonbv
Twiyo,dcarrbw
Buzzster,ekimbx
Camimbo,jcooperby
Thoughtmix,jreyesbz
Jabbercube,mcunninghamc0
Linktype,rmorganc1
Flipbug,gharperc2
Photobug,dtorresc3
Kaymbo,jdixonc4
Voonte,tfosterc5
Trilith,ctorresc6
Voonte,srichardsonc7
Twitterbridge,ghughesc8
Fivespan,hholmesc9
Realfire,ppalmerca
Edgeblab,bandrewscb
Edgetag,jedwardscc
Zoomcast,jcruzcd
Dynabox,cwhitece
Voomm,mberrycf
Flashpoint,hgonzalezcg
Voonder,jkelleych
Innojam,bfullerci
Twitterbridge,ljohnsoncj
Tagopia,dthomasck
Topicblab,rfernandezcl
Lazz,amillscm
Linktype,mpaynecn
Flipopia,laustinco
Voonte,lpaynecp
Thoughtmix,afullercq
Gevee,jjonescr
Skilith,agriffincs
Youspan,mwatsonct
Voonder,rberrycu
Topiclounge,rallencv
Jaloo,bleecw
Twitterbridge,brodriguezcx
Jaloo,amatthewscy
Jaloo,rhowardcz
Wikivu,apowelld0
Riffwire,jwagnerd1
Janyx,jwilliamsond2
Pixoboo,tfreemand3
Linkbridge,tgardnerd4
Jaxworks,kriced5
Edgeify,tlittled6
Edgetag,jgarciad7
Kaymbo,arossd8
Kwinu,cmatthewsd9
Jaloo,jdavisda
Zoomdog,tpowelldb
Linkbridge,sphillipsdc
Wikivu,jryandd
Latz,msimpsonde
Eadel,sbennettdf
Voomm,bramirezdg
Voolith,kstanleydh
Tanoodle,jwelchdi
Janyx,eturnerdj
Voonte,dwilliamsdk
Twitterbridge,candersondl
Innojam,dhendersondm
Skilith,jgarzadn
Youspan,khayesdo
Youspan,pmitchelldp
Youspan,vgreendq
Quatz,dwatkinsdr
Thoughtworks,lsandersds
Tanoodle,mhowelldt
Aimbu,jreeddu
Twitterbridge,ashawdv
Realfire,preiddw
Aimbo,cmartindx
Tagopia,cwarrendy
Flipbug,iramirezdz
Camimbo,rwallacee0
Tanoodle,athomase1
Mybuzz,eperrye2
Buzzster,alawsone3
Fadeo,planee4
Pixoboo,dmooree5
Flashdog,tgarciae6
Flashpoint,dmurraye7
Edgetag,cwashingtone8
Edgeblab,afergusone9
Zazio,lvasquezea
Skilith,pturnereb
Skilith,tburtonec
Quinu,dmitchelled
Innojam,bsimmonsee
Voonte,dhowardef
Blogtag,jalleneg
Gevee,jstevenseh
Zazio,bbradleyei
Voomm,pschmidtej
Voolith,rmendozaek
Youspan,gwoodsel
Wikivu,thillem
Edgetag,dgilberten
Skilith,crusselleo
Edgetag,rhartep
Centidel,fperezeq
Twiyo,gwrighter
Zoomcast,pcolees
Latz,ahendersonet
Voonder,wsnydereu
Skyndu,jgomezev
Vidoo,areedew
Vidoo,khowardex
Latz,pryaney
Centidel,jcoleez
Roomm,sspencerf0
Skilith,mrichardsf1
Voomm,jramirezf2
Livefish,slanef3
Flipopia,cbishopf4
Kaymbo,nmccoyf5
Thoughtworks,agonzalesf6
Voomm,amartinf7
Ainyx,ealexanderf8
Camimbo,jblackf9
Voolith,preynoldsfa
Topiclounge,cadamsfb
Youspan,erodriguezfc
Flipbug,gowensfd
Feedspan,sphillipsfe
Fadeo,njenkinsff
Youspan,dphillipsfg
Voolith,pthompsonfh
Voonte,eallenfi
Wikivu,bhansonfj
Twitterbridge,lhowellfk
Kwinu,tcarterfl
Quinu,jandersonfm
Tagopia,emillerfn
Youspan,mboydfo
Mynte,sryanfp
Ntag,nruizfq
Buzzster,marnoldfr
Photolist,vhuntfs
Rhyloo,jgarrettft
Livefish,cmccoyfu
Zooxo,ksmithfv
Twimm,jparkerfw
Blogtag,nrileyfx
Fivespan,tgarciafy
Edgeify,bfisherfz
Photobug,emurrayg0
Lazz,dsimmonsg1
Kaymbo,irayg2
Zooxo,avasquezg3
Quatz,jblackg4
Dynabox,edeang5
Dynabox,ewheelerg6
Twimm,kharperg7
Blogtag,jmendozag8
Voolith,balexanderg9
Oyoloo,aaustinga
Blogtag,skennedygb
Voonte,tbishopgc
Edgeify,awarrengd
Mynte,rlarsonge
Twimm,pfraziergf
Bubbletube,rsandersgg
Quaxo,fduncangh
Lazz,nmendozagi
Tagopia,prussellgj
Quaxo,crobertsongk
Latz,cbryantgl
Topiclounge,dhansongm
Camimbo,draygn
Eadel,jnguyengo
Feedspan,brussellgp
Mynte,vpalmergq
Centidel,mburtongr
Mynte,aharpergs
Aimbo,gburtongt
Feedspan,ffullergu
Kwinu,kmeyergv
Kwinu,lschmidtgw
Photobug,jjohnstongx
Ntag,jclarkgy
Roodel,ejacksongz
Oyoloo,eshawh0
Pixoboo,bharperh1
Oloo,jclarkh2
Fadeo,kmarshallh3
Roodel,shunterh4
Linktype,ifoxh5
Fivespan,acooperh6
Camimbo,sharth7
Tagopia,ereyesh8
Flipopia,dhendersonh9
Photobug,dsimmonsha
Bubbletube,jthomashb
Realfire,cnguyenhc
Flashpoint,ajoneshd
Voolith,tdayhe
Livefish,sadamshf
Aimbu,smitchellhg
Yoveo,ajordanhh
Mynte,lkennedyhi
Linktype,pbutlerhj
Skilith,amarshallhk
Tagopia,jkelleyhl
Roodel,lreynoldshm
Voolith,colsonhn
Thoughtmix,emendozaho
Trilith,bjenkinshp
Mynte,mgonzalezhq
Trilith,jhowardhr
Feedbug,pmoorehs
Trilith,wrobertsht
Tanoodle,jrobertsonhu
Youspan,dhansenhv
Roomm,vfrazierhw
Jayo,cmendozahx
Edgetag,chudsonhy
Kwinu,cramirezhz
Fivespan,lwoodi0
Linktype,jjohnsoni1
Centidel,dlongi2
Bubbletube,adeani3
Wikivu,lrichardsi4
Bubbletube,jsnyderi5
Innojam,pwrighti6
Roodel,dhawkinsi7
Voolith,fbrooksi8
Aimbu,lbelli9
Zoomcast,twillisia
Flashdog,iduncanib
Flashdog,wyoungic
Ntag,jcooperid
Skiptube,vwillisie
Zoomdog,cadamsif
Pixoboo,mmorenoig
Linktype,ljonesih
Vipe,srodriguezii
Fivespan,mmatthewsij
Edgeblab,mhamiltonik
Pixoboo,kphillipsil
Jaxworks,rwashingtonim
Kwinu,twilliamsin
Bubbletube,bboydio
Dablist,kriceip
Feedbug,lgibsoniq
Twitterbridge,spetersonir
Skiptube,nchavezis
Aimbo,whudsonit
Tagopia,ccrawfordiu
Oozz,rperryiv
Yoveo,rcrawfordiw
Eare,jwarrenix
Dablist,cmurrayiy
Vipe,fcolemaniz
Quatz,bperryj0
Gevee,rduncanj1
Jabbercube,jmitchellj2
Thoughtmix,jlawsonj3
Trilith,dbowmanj4
Riffwire,ckingj5
Zoomcast,awilliamsonj6
Twitterbridge,jholmesj7
Realfire,rfrazierj8
Tagopia,amorrisonj9
Dablist,jrussellja
Oyoba,pbaileyjb
Topiclounge,aandersonjc
Yodel,fcunninghamjd
Roomm,arodriguezje
Kaymbo,jmoralesjf
Mybuzz,roliverjg
Vipe,dlittlejh
Oloo,swoodji
Jaxworks,jelliottjj
Youspan,jmcdonaldjk
Ainyx,dchapmanjl
Gevee,aburkejm
Mynte,tharrisonjn
Photobug,pramirezjo
Ainyx,agilbertjp
Janyx,tboydjq
Lazz,hperezjr
Yozio,pvasquezjs
Shufflester,gjordanjt
Eazzy,bbrooksju
Oyoba,sburnsjv
Zooxo,ahenryjw
Livefish,dhudsonjx
Quaxo,ncollinsjy
Twimm,mhayesjz
Gevee,dmartinezk0
Camimbo,aleek1
Yozio,dfranklink2
Livefish,cjohnsonk3
Twimm,jcunninghamk4
Pixoboo,hjamesk5
Twitterlist,scooperk6
Tanoodle,laustink7
Kwinu,lalvarezk8
Twitterlist,rkingk9
Jabbercube,kgrantka
Jaxworks,jgibsonkb
Dynabox,fcooperkc
Kwinu,hcolemankd
Mynte,pwilliamske
Topiclounge,ssmithkf
Edgeblab,jsanchezkg
Roomm,gwoodkh
Voonte,amasonki
Buzzster,aalvarezkj
Photolist,mperezkk
Dynabox,pmcdonaldkl
Edgetag,scrawfordkm
Linktype,kmarshallkn
Oyoloo,jramirezko
Pixoboo,asanderskp
Feedspan,dshawkq
Roomm,cparkerkr
Flashpoint,wlittleks
Thoughtworks,jromerokt
Zooxo,hcampbellku
Zoomdog,mjacobskv
Dablist,jbaileykw
Flashdog,bshawkx
Aimbu,lcunninghamky
Tagopia,hgibsonkz
Ainyx,ewallacel0
Youspan,jwarrenl1
Twitterlist,jsandersl2
Jaxworks,pshawl3
Skilith,pfernandezl4
Feedbug,pbennettl5
Photolist,pmedinal6
Topiclounge,wkiml7
Edgeblab,rfloresl8
Edgetag,slanel9
Blogtag,bhudsonla
Photobug,vclarklb
Jaloo,aaustinlc
Eare,kcolemanld
Skiptube,amarshallle
Flipopia,pfoxlf
Vidoo,kthompsonlg
Quinu,greidlh
Jaxspan,tdanielsli
Lazz,eshawlj
Twitterlist,skinglk
Zazio,ayoungll
Buzzster,jcollinslm
Camimbo,khendersonln
Roomm,mgrantlo
Trilith,jgriffinlp
Quatz,jspencerlq
Twitterbridge,jfieldslr
Photolist,hbrooksls
Yoveo,cphillipslt
Edgetag,joliverlu
Yodel,krobinsonlv
Livefish,jpiercelw
Quatz,mpalmerlx
Mynte,kmartinly
Skiptube,raustinlz
Voomm,dwilliamsonm0
Realbridge,mdaym1
Livefish,hburkem2
Skiptube,emoralesm3
Voonder,alynchm4
Jayo,jrileym5
Oyoba,sjenkinsm6
Zoomcast,jcarterm7
Yoveo,jsullivanm8
Thoughtworks,jsimsm9
Shufflester,shawkinsma
Ntag,afullermb
Yodel,mpetersmc
Voolith,lmedinamd
Vidoo,khuntme
Oozz,bpricemf
Edgetag,jportermg
Shufflester,jhughesmh
Eare,revansmi
Meeveo,dmccoymj
Oloo,pdiazmk
Bubbletube,jevansml
Rhyloo,bstewartmm
Trilith,rrichardsmn
Twiyo,jhowardmo
Flashdog,rnguyenmp
Centidel,jrichardsmq
Dynabox,wchavezmr
Dablist,clanems
Buzzster,knelsonmt
Flipopia,hscottmu
Linktype,agraymv
Mybuzz,ddavismw
Aimbo,sfernandezmx
Pixoboo,jalvarezmy
Twimm,showellmz
Topicblab,awilsonn0
Skyndu,kstevensn1
Edgetag,hwilliamsn2
Lazz,kbowmann3
Voomm,arodriguezn4
Topicblab,dholmesn5
Thoughtmix,nstewartn6
Shufflester,gwardn7
Yozio,balexandern8
Gevee,imyersn9
Yodel,lpiercena
Vidoo,rrobinsonnb
Twitterbridge,jmccoync
Zazio,bhawkinsnd
Youspan,ahamiltonne
Oyoloo,pcoopernf
Fivespan,jmyersng
Kwinu,kgreennh
Meeveo,acarrollni
Twitterbridge,dandrewsnj
Twiyo,gthompsonnk
Ainyx,molivernl
Jaxspan,rsimsnm
Zazio,jwillisnn
Zoomcast,drodriguezno
Voonder,nholmesnp
Edgeify,kortiznq
Ainyx,jsimmonsnr
Camimbo,jperkinsns
Riffwire,jjenkinsnt
Vidoo,acarrollnu
Voomm,cjohnstonnv
Zazio,lbrownnw
Realfire,skelleynx
Zoomcast,tkingny
Pixoboo,pdeannz
Edgetag,tnelsono0
Centidel,lgreeno1
Thoughtworks,vcarrollo2
Yozio,swebbo3
Yoveo,jbaileyo4
Quatz,hwrighto5
Quatz,rcarrollo6
Twimm,mreido7
Photobug,hwellso8
Camimbo,rlittleo9
Fadeo,jwellsoa
Janyx,bweaverob
Youspan,slaneoc
Aimbo,jadamsod
Trilith,kkennedyoe
Kwinu,cbarnesof
Linktype,jarmstrongog
Youspan,dwardoh
Mynte,lrodriguezoi
Vidoo,sgarciaoj
Roomm,acarrok
Pixoboo,gcooperol
Latz,asnyderom
Mybuzz,mhowardon
Roomm,kgardneroo
Jayo,cclarkop
Yodel,ewatkinsoq
Quinu,jboydor
Meeveo,slawrenceos
Eare,sperkinsot
Feedspan,framosou
Kwinu,cbakerov
Skilith,mreedow
Jayo,jmasonox
Youspan,rknightoy
Twitterbridge,lwalkeroz
Voolith,anelsonp0
Quinu,nmurphyp1
Twitterbridge,amasonp2
Yozio,hreyesp3
Kaymbo,jcunninghamp4
Skiptube,kwellsp5
Voonder,flawrencep6
Mybuzz,lperryp7
Quaxo,cspencerp8
Pixoboo,eharveyp9
Yodel,golsonpa
Lazz,rhudsonpb
Aimbu,fpetersonpc
Voomm,jhickspd
Twitterbridge,aalvarezpe
Skyndu,kmorganpf
Eare,greyespg
Eadel,jfrazierph
Edgeify,acarterpi
Flipbug,iwhitepj
Oyoloo,egarzapk
Jabbercube,hrobinsonpl
Realfire,tevanspm
Skyndu,jgardnerpn
Shufflester,jevanspo
Ainyx,cstanleypp
Pixoboo,dperkinspq
Wikivu,plongpr
Yodel,jhernandezps
Twiyo,bhowellpt
Oloo,dwilsonpu
Innojam,pkimpv
Youspan,tpeterspw
Voomm,hfowlerpx
Yoveo,jdunnpy
Yoveo,talexanderpz
Voolith,wbarnesq0
Janyx,amillerq1
Voonte,rmorenoq2
Zoomdog,cwillisq3
Pixoboo,lmillsq4
Fadeo,jowensq5
Edgeblab,ksimsq6
Twiyo,kellisq7
Yoveo,ftaylorq8
Innojam,mgomezq9
Zoomcast,jcunninghamqa
Realfire,mhudsonqb
Ntag,lgreenqc
Jaxspan,maustinqd
Jaxspan,lreidqe
Wikivu,rbennettqf
Gevee,jhicksqg
Thoughtmix,dedwardsqh
Shufflester,hjenkinsqi
Tagopia,pperezqj
Edgeify,cwoodsqk
Skilith,nhawkinsql
Zoomdog,pcruzqm
Thoughtmix,jbarnesqn
Mynte,vromeroqo
Oozz,gholmesqp
Eare,jhallqq
Twitterlist,akingqr
Photolist,iryanqs
Vipe,jwellsqt
Skyndu,blawsonqu
Fadeo,hturnerqv
Edgetag,kclarkqw
Lazz,rhillqx
Youspan,lcarterqy
Eazzy,sadamsqz
Jayo,mduncanr0
Fadeo,kpiercer1
Voonte,vkimr2
Kwinu,mwestr3
Oyoloo,nandrewsr4
Voomm,fbarnesr5
Kwinu,aandrewsr6
Livefish,pruizr7
Eadel,rcookr8
Linkbridge,mallenr9
Mynte,areidra
Meeveo,bjacksonrb
Tanoodle,hpricerc
Feedbug,dsimpsonrd
Voonder,rpiercere
Thoughtworks,rpricerf
Pixoboo,jolsonrg
Zooxo,asanchezrh
Flashdog,jpriceri
Voolith,ebryantrj
Jaloo,awilliamsonrk
Voolith,jromerorl
Mybuzz,scastillorm
Dablist,awarrenrn
Tagopia,rhansonro
Janyx,chicksrp
Eadel,tmatthewsrq
Feedbug,ncunninghamrr
